<?xml version="1.0" encoding="UTF-8"?>
<project-private xmlns="http://www.netbeans.org/ns/project-private/1">
    <editor-bookmarks xmlns="http://www.netbeans.org/ns/editor-bookmarks/2" lastBookmarkId="0"/>
    <open-files xmlns="http://www.netbeans.org/ns/projectui-open-files/2">
        <group>
            <file>file:/G:/KULIYAAH/SEMESTER%204/Pemrograman%20Berorientasi%20Objek/TugasOOP/src/tugasoop/Persegi.java</file>
            <file>file:/G:/KULIYAAH/SEMESTER%204/Pemrograman%20Berorientasi%20Objek/TugasOOP/src/tugasoop/Persegipanjang.java</file>
            <file>file:/G:/KULIYAAH/SEMESTER%204/Pemrograman%20Berorientasi%20Objek/TugasOOP/src/tugasoop/BangunDatar.java</file>
        </group>
    </open-files>
</project-private>
