<?xml version="1.0" encoding="UTF-8"?>
<project-private xmlns="http://www.netbeans.org/ns/project-private/1">
    <editor-bookmarks xmlns="http://www.netbeans.org/ns/editor-bookmarks/2" lastBookmarkId="0"/>
    <open-files xmlns="http://www.netbeans.org/ns/projectui-open-files/2">
        <group>
            <file>file:/G:/KULIYAAH/SEMESTER%204/Pemrograman%20Berorientasi%20Objek/Tugas3/src/Attack/AttackBehaviour.java</file>
            <file>file:/G:/KULIYAAH/SEMESTER%204/Pemrograman%20Berorientasi%20Objek/Tugas3/src/Main/Main.java</file>
            <file>file:/G:/KULIYAAH/SEMESTER%204/Pemrograman%20Berorientasi%20Objek/Tugas3/src/Defense/DefenseBehaviour.java</file>
            <file>file:/G:/KULIYAAH/SEMESTER%204/Pemrograman%20Berorientasi%20Objek/Tugas3/src/Fly/PlaneFly.java</file>
            <file>file:/G:/KULIYAAH/SEMESTER%204/Pemrograman%20Berorientasi%20Objek/Tugas3/src/Defense/ArmorDefense.java</file>
            <file>file:/G:/KULIYAAH/SEMESTER%204/Pemrograman%20Berorientasi%20Objek/Tugas3/src/Fly/WingFly.java</file>
            <file>file:/G:/KULIYAAH/SEMESTER%204/Pemrograman%20Berorientasi%20Objek/Tugas3/src/Main/Duck.java</file>
            <file>file:/G:/KULIYAAH/SEMESTER%204/Pemrograman%20Berorientasi%20Objek/Tugas3/src/Fly/RocketFly.java</file>
            <file>file:/G:/KULIYAAH/SEMESTER%204/Pemrograman%20Berorientasi%20Objek/Tugas3/src/Fly/FlyBehaviour.java</file>
            <file>file:/G:/KULIYAAH/SEMESTER%204/Pemrograman%20Berorientasi%20Objek/Tugas3/src/Sound/NormalSound.java</file>
            <file>file:/G:/KULIYAAH/SEMESTER%204/Pemrograman%20Berorientasi%20Objek/Tugas3/src/Attack/ArrowAttack.java</file>
            <file>file:/G:/KULIYAAH/SEMESTER%204/Pemrograman%20Berorientasi%20Objek/Tugas3/src/Attack/SwordAttack.java</file>
            <file>file:/G:/KULIYAAH/SEMESTER%204/Pemrograman%20Berorientasi%20Objek/Tugas3/src/Defense/ShieldDefense.java</file>
            <file>file:/G:/KULIYAAH/SEMESTER%204/Pemrograman%20Berorientasi%20Objek/Tugas3/src/Sound/SoundBehaviour.java</file>
            <file>file:/G:/KULIYAAH/SEMESTER%204/Pemrograman%20Berorientasi%20Objek/Tugas3/src/Sound/ToaSound.java</file>
        </group>
    </open-files>
</project-private>
